Month,Max_Demand,Min_Demand,Avg_Demand
1,5173.18,4487.31,4897.417741935485
2,4608.3,3830.82,4170.951071428572
3,4009.12,3324.4,3719.235483870968
4,5174.73,3819.45,4467.519666666666
5,6958.39,4528.71,6136.85
6,7093.74,5735.35,6676.144
7,6959.37,5839.32,6527.009677419354
8,6508.76,5572.58,6027.595483870968
9,6555.05,4773.09,6001.601
10,5000.32,3561.44,4246.579032258065
11,3882.11,3273.82,3664.858333333333
12,4657.46,3674.6,4122.939677419355
