Season,Max_Demand,Min_Demand,Avg_Demand
Rainfall,6555.05,3273.82,4633.381648351648
Spring,5174.73,3324.4,4087.2440983606557
Summer,7093.74,4528.71,6339.182357723577
Winter,5173.18,3674.6,4404.6412222222225
