TempCategory,Avg_Demand,Max_Demand,Min_Demand
Cool,4253.100714285714,5173.18,3273.82
Hot,6340.315982905982,7093.74,4392.9
Normal,4624.50375,6196.68,3324.4
