DayType,Avg_Demand,Max_Demand,Min_Demand
Weekday,5079.573333333334,7093.74,3273.82
Weekend,5012.7703846153845,7050.21,3332.16
Holiday,4975.69125,6672.89,3797.23
